barcode,strain,serum,plate_replicate,dilution_factor,frac_infectivity
AACTATAGATCTAGAA,A/Bangladesh/3210810034/2021,SerumBd0,plate6,20,0.0020146
AACTCCGCAGACACTG,A/SouthAfrica/R14850/2021,SerumBd0,plate6,20,0.0012264
ACAAAAGTACCTCTAC,A/Bangladesh/3210810034/2021,SerumBd0,plate6,20,0.0024487
AGTGTCCCTAAGAGGC,A/Bangladesh/8002/2021,SerumBd0,plate6,20,0.00080939
GCAACGCCAAATAATT,A/Bangladesh/8002/2021,SerumBd0,plate6,20,0.00046012
TACTCAACAAGATAAA,A/SouthAfrica/R14850/2021,SerumBd0,plate6,20,0.00061118
AACTATAGATCTAGAA,A/Bangladesh/3210810034/2021,SerumBd0,plate6,60,0.0009494
AACTCCGCAGACACTG,A/SouthAfrica/R14850/2021,SerumBd0,plate6,60,0
ACAAAAGTACCTCTAC,A/Bangladesh/3210810034/2021,SerumBd0,plate6,60,0.00067334
AGTGTCCCTAAGAGGC,A/Bangladesh/8002/2021,SerumBd0,plate6,60,6.3454e-05
GCAACGCCAAATAATT,A/Bangladesh/8002/2021,SerumBd0,plate6,60,0.00014197
TACTCAACAAGATAAA,A/SouthAfrica/R14850/2021,SerumBd0,plate6,60,0.00077845
AACTATAGATCTAGAA,A/Bangladesh/3210810034/2021,SerumBd0,plate6,180,0.025771
AACTCCGCAGACACTG,A/SouthAfrica/R14850/2021,SerumBd0,plate6,180,0.00054514
ACAAAAGTACCTCTAC,A/Bangladesh/3210810034/2021,SerumBd0,plate6,180,0.00049479
AGTGTCCCTAAGAGGC,A/Bangladesh/8002/2021,SerumBd0,plate6,180,0.00023827
GCAACGCCAAATAATT,A/Bangladesh/8002/2021,SerumBd0,plate6,180,0.014369
TACTCAACAAGATAAA,A/SouthAfrica/R14850/2021,SerumBd0,plate6,180,0.00021173
AACTATAGATCTAGAA,A/Bangladesh/3210810034/2021,SerumBd0,plate6,540,0.44193
AACTCCGCAGACACTG,A/SouthAfrica/R14850/2021,SerumBd0,plate6,540,0.21427
ACAAAAGTACCTCTAC,A/Bangladesh/3210810034/2021,SerumBd0,plate6,540,0.75698
AGTGTCCCTAAGAGGC,A/Bangladesh/8002/2021,SerumBd0,plate6,540,0.13987
GCAACGCCAAATAATT,A/Bangladesh/8002/2021,SerumBd0,plate6,540,0.69773
TACTCAACAAGATAAA,A/SouthAfrica/R14850/2021,SerumBd0,plate6,540,0.16198
AACTATAGATCTAGAA,A/Bangladesh/3210810034/2021,SerumBd0,plate6,1620,1.0025
AACTCCGCAGACACTG,A/SouthAfrica/R14850/2021,SerumBd0,plate6,1620,0.64404
ACAAAAGTACCTCTAC,A/Bangladesh/3210810034/2021,SerumBd0,plate6,1620,1.1779
AGTGTCCCTAAGAGGC,A/Bangladesh/8002/2021,SerumBd0,plate6,1620,0.77937
GCAACGCCAAATAATT,A/Bangladesh/8002/2021,SerumBd0,plate6,1620,3.1601
TACTCAACAAGATAAA,A/SouthAfrica/R14850/2021,SerumBd0,plate6,1620,0.83474
AACTATAGATCTAGAA,A/Bangladesh/3210810034/2021,SerumBd0,plate6,4860,1.6416
AACTCCGCAGACACTG,A/SouthAfrica/R14850/2021,SerumBd0,plate6,4860,1.1168
ACAAAAGTACCTCTAC,A/Bangladesh/3210810034/2021,SerumBd0,plate6,4860,2.5668
AGTGTCCCTAAGAGGC,A/Bangladesh/8002/2021,SerumBd0,plate6,4860,2.2457
GCAACGCCAAATAATT,A/Bangladesh/8002/2021,SerumBd0,plate6,4860,0.8876
TACTCAACAAGATAAA,A/SouthAfrica/R14850/2021,SerumBd0,plate6,4860,2.1323
AACTATAGATCTAGAA,A/Bangladesh/3210810034/2021,SerumBd0,plate6,14580,1.8652
AACTCCGCAGACACTG,A/SouthAfrica/R14850/2021,SerumBd0,plate6,14580,1.1574
ACAAAAGTACCTCTAC,A/Bangladesh/3210810034/2021,SerumBd0,plate6,14580,1.4251
AGTGTCCCTAAGAGGC,A/Bangladesh/8002/2021,SerumBd0,plate6,14580,1.4437
GCAACGCCAAATAATT,A/Bangladesh/8002/2021,SerumBd0,plate6,14580,1.7674
TACTCAACAAGATAAA,A/SouthAfrica/R14850/2021,SerumBd0,plate6,14580,1.1227
AACTATAGATCTAGAA,A/Bangladesh/3210810034/2021,SerumBd0,plate6,43740,0.99222
AACTCCGCAGACACTG,A/SouthAfrica/R14850/2021,SerumBd0,plate6,43740,0.96036
ACAAAAGTACCTCTAC,A/Bangladesh/3210810034/2021,SerumBd0,plate6,43740,0.96082
AGTGTCCCTAAGAGGC,A/Bangladesh/8002/2021,SerumBd0,plate6,43740,0.80562
GCAACGCCAAATAATT,A/Bangladesh/8002/2021,SerumBd0,plate6,43740,0.94305
TACTCAACAAGATAAA,A/SouthAfrica/R14850/2021,SerumBd0,plate6,43740,0.52496
AACTATAGATCTAGAA,A/Bangladesh/3210810034/2021,SerumBd0,plate6,131220,1.2092
AACTCCGCAGACACTG,A/SouthAfrica/R14850/2021,SerumBd0,plate6,131220,3.0622
ACAAAAGTACCTCTAC,A/Bangladesh/3210810034/2021,SerumBd0,plate6,131220,0.71278
AGTGTCCCTAAGAGGC,A/Bangladesh/8002/2021,SerumBd0,plate6,131220,0.7782
GCAACGCCAAATAATT,A/Bangladesh/8002/2021,SerumBd0,plate6,131220,0.69337
TACTCAACAAGATAAA,A/SouthAfrica/R14850/2021,SerumBd0,plate6,131220,0.83914
AACTATAGATCTAGAA,A/Bangladesh/3210810034/2021,SerumBd0,plate6,393660,1.2684
AACTCCGCAGACACTG,A/SouthAfrica/R14850/2021,SerumBd0,plate6,393660,0.81409
ACAAAAGTACCTCTAC,A/Bangladesh/3210810034/2021,SerumBd0,plate6,393660,0.88048
AGTGTCCCTAAGAGGC,A/Bangladesh/8002/2021,SerumBd0,plate6,393660,0.622
GCAACGCCAAATAATT,A/Bangladesh/8002/2021,SerumBd0,plate6,393660,0.79589
TACTCAACAAGATAAA,A/SouthAfrica/R14850/2021,SerumBd0,plate6,393660,0.59481
