,serum,virus,replicate,fraction infectivity,concentration
0,problematic slopes,A/Bangkok/P3755/2023,plate11_r32_75k-CGCAAGGGATACTAAC,0.02901,0.01
1,problematic slopes,A/Bangkok/P3755/2023,plate11_r32_75k-CGCAAGGGATACTAAC,0.04584,0.005
2,problematic slopes,A/Bangkok/P3755/2023,plate11_r32_75k-CGCAAGGGATACTAAC,0.2873,0.0025
3,problematic slopes,A/Bangkok/P3755/2023,plate11_r32_75k-CGCAAGGGATACTAAC,0.6296,0.00125
4,problematic slopes,A/Bangkok/P3755/2023,plate11_r32_75k-CGCAAGGGATACTAAC,0.5716,0.000625
5,problematic slopes,A/Bangkok/P3755/2023,plate11_r32_75k-CGCAAGGGATACTAAC,0.5382,0.0003125
6,problematic slopes,A/Bangkok/P3755/2023,plate11_r32_75k-CGCAAGGGATACTAAC,0.7672,0.0001563
7,problematic slopes,A/Bangkok/P3755/2023,plate11_r32_75k-CGCAAGGGATACTAAC,1,7.813e-05
8,problematic slopes,A/Bangkok/P3755/2023,plate11_r32_75k-TAGCTGGGCAAAGGCT,0.02949,0.01
9,problematic slopes,A/Bangkok/P3755/2023,plate11_r32_75k-TAGCTGGGCAAAGGCT,0.1528,0.005
10,problematic slopes,A/Bangkok/P3755/2023,plate11_r32_75k-TAGCTGGGCAAAGGCT,0.275,0.0025
11,problematic slopes,A/Bangkok/P3755/2023,plate11_r32_75k-TAGCTGGGCAAAGGCT,0.8956,0.00125
12,problematic slopes,A/Bangkok/P3755/2023,plate11_r32_75k-TAGCTGGGCAAAGGCT,0.4168,0.000625
13,problematic slopes,A/Bangkok/P3755/2023,plate11_r32_75k-TAGCTGGGCAAAGGCT,0.6226,0.0003125
14,problematic slopes,A/Bangkok/P3755/2023,plate11_r32_75k-TAGCTGGGCAAAGGCT,0.6454,0.0001563
15,problematic slopes,A/Bangkok/P3755/2023,plate11_r32_75k-TAGCTGGGCAAAGGCT,1,7.813e-05
16,problematic slopes,A/Bangkok/P3755/2023,plate11_r32_75k-TATCATTTCATCTACA,0.01561,0.01
17,problematic slopes,A/Bangkok/P3755/2023,plate11_r32_75k-TATCATTTCATCTACA,0.05086,0.005
18,problematic slopes,A/Bangkok/P3755/2023,plate11_r32_75k-TATCATTTCATCTACA,0.2517,0.0025
19,problematic slopes,A/Bangkok/P3755/2023,plate11_r32_75k-TATCATTTCATCTACA,0.3524,0.00125
20,problematic slopes,A/Bangkok/P3755/2023,plate11_r32_75k-TATCATTTCATCTACA,0.3788,0.000625
21,problematic slopes,A/Bangkok/P3755/2023,plate11_r32_75k-TATCATTTCATCTACA,0.562,0.0003125
22,problematic slopes,A/Bangkok/P3755/2023,plate11_r32_75k-TATCATTTCATCTACA,0.826,0.0001563
23,problematic slopes,A/Bangkok/P3755/2023,plate11_r32_75k-TATCATTTCATCTACA,0.7738,7.813e-05
24,problematic slopes,A/Chipata/15-NIC-001/2023,plate11_r32_75k-CAGTGCCATCCATCCA,0.009764,0.01
25,problematic slopes,A/Chipata/15-NIC-001/2023,plate11_r32_75k-CAGTGCCATCCATCCA,0.1057,0.005
26,problematic slopes,A/Chipata/15-NIC-001/2023,plate11_r32_75k-CAGTGCCATCCATCCA,0.3803,0.0025
27,problematic slopes,A/Chipata/15-NIC-001/2023,plate11_r32_75k-CAGTGCCATCCATCCA,0.2956,0.00125
28,problematic slopes,A/Chipata/15-NIC-001/2023,plate11_r32_75k-CAGTGCCATCCATCCA,0.7049,0.000625
29,problematic slopes,A/Chipata/15-NIC-001/2023,plate11_r32_75k-CAGTGCCATCCATCCA,0.5256,0.0003125
30,problematic slopes,A/Chipata/15-NIC-001/2023,plate11_r32_75k-CAGTGCCATCCATCCA,0.9126,0.0001563
31,problematic slopes,A/Chipata/15-NIC-001/2023,plate11_r32_75k-CAGTGCCATCCATCCA,0.8178,7.813e-05
32,problematic slopes,A/Chipata/15-NIC-001/2023,plate11_r32_75k-CGTATAACTGACGATT,0.0286,0.01
33,problematic slopes,A/Chipata/15-NIC-001/2023,plate11_r32_75k-CGTATAACTGACGATT,0.135,0.005
34,problematic slopes,A/Chipata/15-NIC-001/2023,plate11_r32_75k-CGTATAACTGACGATT,0.3505,0.0025
35,problematic slopes,A/Chipata/15-NIC-001/2023,plate11_r32_75k-CGTATAACTGACGATT,0.211,0.00125
36,problematic slopes,A/Chipata/15-NIC-001/2023,plate11_r32_75k-CGTATAACTGACGATT,0.5,0.000625
37,problematic slopes,A/Chipata/15-NIC-001/2023,plate11_r32_75k-CGTATAACTGACGATT,0.4535,0.0003125
38,problematic slopes,A/Chipata/15-NIC-001/2023,plate11_r32_75k-CGTATAACTGACGATT,0.7904,0.0001563
39,problematic slopes,A/Chipata/15-NIC-001/2023,plate11_r32_75k-CGTATAACTGACGATT,0.7154,7.813e-05
40,problematic slopes,A/Chipata/15-NIC-001/2023,plate11_r32_75k-TTTCATATAATTTGAG,0.03299,0.01
41,problematic slopes,A/Chipata/15-NIC-001/2023,plate11_r32_75k-TTTCATATAATTTGAG,0.06345,0.005
42,problematic slopes,A/Chipata/15-NIC-001/2023,plate11_r32_75k-TTTCATATAATTTGAG,0.1622,0.0025
43,problematic slopes,A/Chipata/15-NIC-001/2023,plate11_r32_75k-TTTCATATAATTTGAG,0.2741,0.00125
44,problematic slopes,A/Chipata/15-NIC-001/2023,plate11_r32_75k-TTTCATATAATTTGAG,0.4527,0.000625
45,problematic slopes,A/Chipata/15-NIC-001/2023,plate11_r32_75k-TTTCATATAATTTGAG,0.4143,0.0003125
46,problematic slopes,A/Chipata/15-NIC-001/2023,plate11_r32_75k-TTTCATATAATTTGAG,0.5788,0.0001563
47,problematic slopes,A/Chipata/15-NIC-001/2023,plate11_r32_75k-TTTCATATAATTTGAG,0.7831,7.813e-05
48,problematic slopes,A/Oman/3011/2023,plate11_r32_75k-AATAGGCCCAAATCCA,0.4973,0.01
49,problematic slopes,A/Oman/3011/2023,plate11_r32_75k-AATAGGCCCAAATCCA,0.04783,0.005
50,problematic slopes,A/Oman/3011/2023,plate11_r32_75k-AATAGGCCCAAATCCA,0.2234,0.0025
51,problematic slopes,A/Oman/3011/2023,plate11_r32_75k-AATAGGCCCAAATCCA,0.4207,0.00125
52,problematic slopes,A/Oman/3011/2023,plate11_r32_75k-AATAGGCCCAAATCCA,0.395,0.000625
53,problematic slopes,A/Oman/3011/2023,plate11_r32_75k-AATAGGCCCAAATCCA,1,0.0003125
54,problematic slopes,A/Oman/3011/2023,plate11_r32_75k-AATAGGCCCAAATCCA,0.7924,0.0001563
55,problematic slopes,A/Oman/3011/2023,plate11_r32_75k-AATAGGCCCAAATCCA,0.7026,7.813e-05
56,problematic slopes,A/Oman/3011/2023,plate11_r32_75k-TACGAAAATCAAGAGC,0.01296,0.01
57,problematic slopes,A/Oman/3011/2023,plate11_r32_75k-TACGAAAATCAAGAGC,0.04534,0.005
58,problematic slopes,A/Oman/3011/2023,plate11_r32_75k-TACGAAAATCAAGAGC,0.4185,0.0025
59,problematic slopes,A/Oman/3011/2023,plate11_r32_75k-TACGAAAATCAAGAGC,0.2996,0.00125
60,problematic slopes,A/Oman/3011/2023,plate11_r32_75k-TACGAAAATCAAGAGC,0.5032,0.000625
61,problematic slopes,A/Oman/3011/2023,plate11_r32_75k-TACGAAAATCAAGAGC,0.3988,0.0003125
62,problematic slopes,A/Oman/3011/2023,plate11_r32_75k-TACGAAAATCAAGAGC,0.4989,0.0001563
63,problematic slopes,A/Oman/3011/2023,plate11_r32_75k-TACGAAAATCAAGAGC,0.4689,7.813e-05
64,problematic slopes,A/Oman/3011/2023,plate11_r32_75k-TCCTTTAACTAATCGA,0.03077,0.01
65,problematic slopes,A/Oman/3011/2023,plate11_r32_75k-TCCTTTAACTAATCGA,0.04591,0.005
66,problematic slopes,A/Oman/3011/2023,plate11_r32_75k-TCCTTTAACTAATCGA,0.09214,0.0025
67,problematic slopes,A/Oman/3011/2023,plate11_r32_75k-TCCTTTAACTAATCGA,0.09732,0.00125
68,problematic slopes,A/Oman/3011/2023,plate11_r32_75k-TCCTTTAACTAATCGA,0.1832,0.000625
69,problematic slopes,A/Oman/3011/2023,plate11_r32_75k-TCCTTTAACTAATCGA,0.4771,0.0003125
70,problematic slopes,A/Oman/3011/2023,plate11_r32_75k-TCCTTTAACTAATCGA,0.5141,0.0001563
71,problematic slopes,A/Oman/3011/2023,plate11_r32_75k-TCCTTTAACTAATCGA,0.7143,7.813e-05
0,problematic tops,A/Catalonia/NSVH102124476/2023,plate11_r32_75k-AATATACCGGCACTAC,0.1019,0.01
1,problematic tops,A/Catalonia/NSVH102124476/2023,plate11_r32_75k-AATATACCGGCACTAC,0.05815,0.005
2,problematic tops,A/Catalonia/NSVH102124476/2023,plate11_r32_75k-AATATACCGGCACTAC,0.375,0.0025
3,problematic tops,A/Catalonia/NSVH102124476/2023,plate11_r32_75k-AATATACCGGCACTAC,0.8747,0.00125
4,problematic tops,A/Catalonia/NSVH102124476/2023,plate11_r32_75k-AATATACCGGCACTAC,0.5976,0.000625
5,problematic tops,A/Catalonia/NSVH102124476/2023,plate11_r32_75k-AATATACCGGCACTAC,0.9301,0.0003125
6,problematic tops,A/Catalonia/NSVH102124476/2023,plate11_r32_75k-AATATACCGGCACTAC,0.9518,0.0001563
7,problematic tops,A/Catalonia/NSVH102124476/2023,plate11_r32_75k-AATATACCGGCACTAC,0.6482,7.813e-05
8,problematic tops,A/Catalonia/NSVH102124476/2023,plate11_r32_75k-ACTGAACAGTATAACT,0.01931,0.01
9,problematic tops,A/Catalonia/NSVH102124476/2023,plate11_r32_75k-ACTGAACAGTATAACT,0.08482,0.005
10,problematic tops,A/Catalonia/NSVH102124476/2023,plate11_r32_75k-ACTGAACAGTATAACT,0.2382,0.0025
11,problematic tops,A/Catalonia/NSVH102124476/2023,plate11_r32_75k-ACTGAACAGTATAACT,0.3558,0.00125
12,problematic tops,A/Catalonia/NSVH102124476/2023,plate11_r32_75k-ACTGAACAGTATAACT,0.471,0.000625
13,problematic tops,A/Catalonia/NSVH102124476/2023,plate11_r32_75k-ACTGAACAGTATAACT,0.6786,0.0003125
14,problematic tops,A/Catalonia/NSVH102124476/2023,plate11_r32_75k-ACTGAACAGTATAACT,0.7271,0.0001563
15,problematic tops,A/Catalonia/NSVH102124476/2023,plate11_r32_75k-ACTGAACAGTATAACT,0.5837,7.813e-05
16,problematic tops,A/Catalonia/NSVH102124476/2023,plate11_r32_75k-CTAAGGGCCTGTTCTT,0.06008,0.01
17,problematic tops,A/Catalonia/NSVH102124476/2023,plate11_r32_75k-CTAAGGGCCTGTTCTT,0.1194,0.005
18,problematic tops,A/Catalonia/NSVH102124476/2023,plate11_r32_75k-CTAAGGGCCTGTTCTT,0.2544,0.0025
19,problematic tops,A/Catalonia/NSVH102124476/2023,plate11_r32_75k-CTAAGGGCCTGTTCTT,0.431,0.00125
20,problematic tops,A/Catalonia/NSVH102124476/2023,plate11_r32_75k-CTAAGGGCCTGTTCTT,0.803,0.000625
21,problematic tops,A/Catalonia/NSVH102124476/2023,plate11_r32_75k-CTAAGGGCCTGTTCTT,0.6356,0.0003125
22,problematic tops,A/Catalonia/NSVH102124476/2023,plate11_r32_75k-CTAAGGGCCTGTTCTT,1,0.0001563
23,problematic tops,A/Catalonia/NSVH102124476/2023,plate11_r32_75k-CTAAGGGCCTGTTCTT,0.8456,7.813e-05
24,problematic tops,A/Hong_Kong/2671/2019,plate11_r32_75k-CGAAAACATTACAAAT,0.0001956,0.01
25,problematic tops,A/Hong_Kong/2671/2019,plate11_r32_75k-CGAAAACATTACAAAT,0.0001168,0.005
26,problematic tops,A/Hong_Kong/2671/2019,plate11_r32_75k-CGAAAACATTACAAAT,0,0.0025
27,problematic tops,A/Hong_Kong/2671/2019,plate11_r32_75k-CGAAAACATTACAAAT,0,0.00125
28,problematic tops,A/Hong_Kong/2671/2019,plate11_r32_75k-CGAAAACATTACAAAT,0.0003835,0.000625
29,problematic tops,A/Hong_Kong/2671/2019,plate11_r32_75k-CGAAAACATTACAAAT,0.02784,0.0003125
30,problematic tops,A/Hong_Kong/2671/2019,plate11_r32_75k-CGAAAACATTACAAAT,1,0.0001563
31,problematic tops,A/Hong_Kong/2671/2019,plate11_r32_75k-CGAAAACATTACAAAT,1,7.813e-05
32,problematic tops,A/Hong_Kong/2671/2019,plate11_r32_75k-CGGGAATCTCCCATAC,0,0.01
33,problematic tops,A/Hong_Kong/2671/2019,plate11_r32_75k-CGGGAATCTCCCATAC,0,0.005
34,problematic tops,A/Hong_Kong/2671/2019,plate11_r32_75k-CGGGAATCTCCCATAC,0.0002767,0.0025
35,problematic tops,A/Hong_Kong/2671/2019,plate11_r32_75k-CGGGAATCTCCCATAC,0,0.00125
36,problematic tops,A/Hong_Kong/2671/2019,plate11_r32_75k-CGGGAATCTCCCATAC,0,0.000625
37,problematic tops,A/Hong_Kong/2671/2019,plate11_r32_75k-CGGGAATCTCCCATAC,0.01955,0.0003125
38,problematic tops,A/Hong_Kong/2671/2019,plate11_r32_75k-CGGGAATCTCCCATAC,0.05163,0.0001563
39,problematic tops,A/Hong_Kong/2671/2019,plate11_r32_75k-CGGGAATCTCCCATAC,1,7.813e-05
40,problematic tops,A/Hong_Kong/2671/2019,plate11_r32_75k-TTCATCAAGTTGGTGC,0.0003076,0.01
41,problematic tops,A/Hong_Kong/2671/2019,plate11_r32_75k-TTCATCAAGTTGGTGC,0,0.005
42,problematic tops,A/Hong_Kong/2671/2019,plate11_r32_75k-TTCATCAAGTTGGTGC,6.13e-05,0.0025
43,problematic tops,A/Hong_Kong/2671/2019,plate11_r32_75k-TTCATCAAGTTGGTGC,0.0002412,0.00125
44,problematic tops,A/Hong_Kong/2671/2019,plate11_r32_75k-TTCATCAAGTTGGTGC,0,0.000625
45,problematic tops,A/Hong_Kong/2671/2019,plate11_r32_75k-TTCATCAAGTTGGTGC,0.02452,0.0003125
46,problematic tops,A/Hong_Kong/2671/2019,plate11_r32_75k-TTCATCAAGTTGGTGC,0.1068,0.0001563
47,problematic tops,A/Hong_Kong/2671/2019,plate11_r32_75k-TTCATCAAGTTGGTGC,0.85,7.813e-05
48,problematic tops,A/Hong_Kong/4801/2014_(15/192),plate11_r32_75k-CACAGACAATAAAAAA,0,0.01
49,problematic tops,A/Hong_Kong/4801/2014_(15/192),plate11_r32_75k-CACAGACAATAAAAAA,0,0.005
50,problematic tops,A/Hong_Kong/4801/2014_(15/192),plate11_r32_75k-CACAGACAATAAAAAA,0,0.0025
51,problematic tops,A/Hong_Kong/4801/2014_(15/192),plate11_r32_75k-CACAGACAATAAAAAA,0,0.00125
52,problematic tops,A/Hong_Kong/4801/2014_(15/192),plate11_r32_75k-CACAGACAATAAAAAA,0,0.000625
53,problematic tops,A/Hong_Kong/4801/2014_(15/192),plate11_r32_75k-CACAGACAATAAAAAA,0.00971,0.0003125
54,problematic tops,A/Hong_Kong/4801/2014_(15/192),plate11_r32_75k-CACAGACAATAAAAAA,0.06713,0.0001563
55,problematic tops,A/Hong_Kong/4801/2014_(15/192),plate11_r32_75k-CACAGACAATAAAAAA,0.2836,7.813e-05
56,problematic tops,A/Hong_Kong/4801/2014_(15/192),plate11_r32_75k-GGTTAACTTTGGAAGC,0,0.01
57,problematic tops,A/Hong_Kong/4801/2014_(15/192),plate11_r32_75k-GGTTAACTTTGGAAGC,0.0001514,0.005
58,problematic tops,A/Hong_Kong/4801/2014_(15/192),plate11_r32_75k-GGTTAACTTTGGAAGC,0.000182,0.0025
59,problematic tops,A/Hong_Kong/4801/2014_(15/192),plate11_r32_75k-GGTTAACTTTGGAAGC,0,0.00125
60,problematic tops,A/Hong_Kong/4801/2014_(15/192),plate11_r32_75k-GGTTAACTTTGGAAGC,0,0.000625
61,problematic tops,A/Hong_Kong/4801/2014_(15/192),plate11_r32_75k-GGTTAACTTTGGAAGC,0.0001692,0.0003125
62,problematic tops,A/Hong_Kong/4801/2014_(15/192),plate11_r32_75k-GGTTAACTTTGGAAGC,0.01483,0.0001563
63,problematic tops,A/Hong_Kong/4801/2014_(15/192),plate11_r32_75k-GGTTAACTTTGGAAGC,0.265,7.813e-05
